L09_V022,21625,
L06_V014,20772,
L04_V022,4504,
L06_V028,19463,
L06_V014,20817,
L06_V001,4335,
L04_V022,4520,
L03_V023,18477,
L06_V014,20863,
L10_V002,18981,
L04_V024,28731,
L04_V024,28819,
L04_V030,24781,
L02_V005,22667,
L10_V019,5184,
L09_V028,24999,
L06_V009,9724,
L04_V022,3484,
L04_V014,29659,
L03_V014,8981,
L04_V022,3412,
L06_V028,20340,
L03_V014,8947,
L01_V003,22693,
L01_V018,6525,
L05_V019,11362,
L10_V002,17786,
L06_V016,24057,
L06_V028,19961,
L12_V025,15279,
L09_V028,25008,
L06_V028,20359,
L05_V021,16829,
L10_V008,19557,
L04_V030,24446,
L06_V001,4354,
L06_V009,9693,
L07_V026,28670,
L09_V028,25278,
L11_V006,12679,
L04_V002,14412,
L11_V027,11441,
L06_V028,19917,
L10_V018,22754,
L10_V017,20844,
L08_V018,10537,
L09_V028,25017,
L07_V026,23167,
L11_V027,11409,
L09_V010,32457,
L10_V017,24927,
L06_V016,24081,
L10_V014,8041,
L04_V022,3881,
L04_V015,27348,
L10_V004,12751,
L10_V018,29333,
L01_V021,13943,
L01_V003,22969,
L09_V010,32456,
L11_V028,21667,
L04_V016,14018,
L07_V003,18123,
L07_V026,22960,
L01_V007,10131,
L02_V031,17694,
L09_V014,18491,
L11_V029,26449,
L04_V030,24505,
L07_V023,13662,
L10_V002,19041,
L12_V023,28411,
L08_V019,16572,
L04_V024,28775,
L04_V003,9856,
L09_V010,32462,
L06_V028,19843,
L08_V030,11045,
L12_V022,28373,
L04_V022,3448,
L10_V021,16421,
L03_V023,18478,
L09_V004,14067,
L05_V019,11341,
L01_V021,13962,
L08_V018,10535,
L04_V014,29689,
L09_V014,18170,
L12_V025,12222,
L04_V014,29720,
L07_V026,22995,
L03_V009,15035,
L09_V014,18517,
L02_V031,17219,
L09_V027,17150,
L09_V014,18406,
L06_V028,19939,
L02_V019,25502,
L01_V005,12926,
L08_V021,24549,
